Nome Elemento,Tipo IFC,GUID,ElementId
ST_FON_PAL_PaloCalcestruzzo - ST_FON_PAL_PaloCalcestruzzo_600mm,IfcPile,2YZrMS$IP01Bt12Yn3CJqD,716430
ST_FON_PAL_PaloCalcestruzzo - ST_FON_PAL_PaloCalcestruzzo_600mm,IfcPile,2YZrMS$IP01Bt12Yn3CJqC,716431
ST_FON_PAL_PaloCalcestruzzo - ST_FON_PAL_PaloCalcestruzzo_600mm,IfcPile,2YZrMS$IP01Bt12Yn3CJqJ,716432
ST_FON_PAL_PaloCalcestruzzo - ST_FON_PAL_PaloCalcestruzzo_600mm,IfcPile,2YZrMS$IP01Bt12Yn3CJqI,716433
ST_FON_PAL_PaloCalcestruzzo - ST_FON_PAL_PaloCalcestruzzo_600mm,IfcPile,3gEquXBon3l8L1mGCO1tQ4,716620
ST_FON_PAL_PaloCalcestruzzo - ST_FON_PAL_PaloCalcestruzzo_600mm,IfcPile,3gEquXBon3l8L1mGCO1tQ5,716621
ST_FON_PAL_PaloCalcestruzzo - ST_FON_PAL_PaloCalcestruzzo_600mm,IfcPile,3gEquXBon3l8L1mGCO1tQ6,716622
ST_FON_PAL_PaloCalcestruzzo - ST_FON_PAL_PaloCalcestruzzo_600mm,IfcPile,3gEquXBon3l8L1mGCO1tQ7,716623
ST_FON_PAL_PaloCalcestruzzo - ST_FON_PAL_PaloCalcestruzzo_600mm,IfcPile,3gEquXBon3l8L1mGCO1tQG,716632
ST_FON_PAL_PaloCalcestruzzo - ST_FON_PAL_PaloCalcestruzzo_600mm,IfcPile,3gEquXBon3l8L1mGCO1tQH,716633
ST_FON_PAL_PaloCalcestruzzo - ST_FON_PAL_PaloCalcestruzzo_600mm,IfcPile,3gEquXBon3l8L1mGCO1tQI,716634
ST_FON_PAL_PaloCalcestruzzo - ST_FON_PAL_PaloCalcestruzzo_600mm,IfcPile,3gEquXBon3l8L1mGCO1tQJ,716635
ST_FON_PAL_PaloCalcestruzzo - ST_FON_PAL_PaloCalcestruzzo_600mm,IfcPile,3gEquXBon3l8L1mGCO1tQi,716644
ST_FON_PAL_PaloCalcestruzzo - ST_FON_PAL_PaloCalcestruzzo_600mm,IfcPile,3gEquXBon3l8L1mGCO1tQj,716645
ST_FON_PAL_PaloCalcestruzzo - ST_FON_PAL_PaloCalcestruzzo_600mm,IfcPile,3gEquXBon3l8L1mGCO1tQk,716646
ST_FON_PAL_PaloCalcestruzzo - ST_FON_PAL_PaloCalcestruzzo_600mm,IfcPile,3gEquXBon3l8L1mGCO1tQl,716647
ST_FON_PAL_PaloCalcestruzzo - ST_FON_PAL_PaloCalcestruzzo_600mm,IfcPile,3gEquXBon3l8L1mGCO1tQu,716656
ST_FON_PAL_PaloCalcestruzzo - ST_FON_PAL_PaloCalcestruzzo_600mm,IfcPile,3gEquXBon3l8L1mGCO1tQv,716657
ST_FON_PAL_PaloCalcestruzzo - ST_FON_PAL_PaloCalcestruzzo_600mm,IfcPile,3gEquXBon3l8L1mGCO1tQw,716658
ST_FON_PAL_PaloCalcestruzzo - ST_FON_PAL_PaloCalcestruzzo_600mm,IfcPile,3gEquXBon3l8L1mGCO1tQx,716659
ST_FON_PAL_PaloCalcestruzzo - ST_FON_PAL_PaloCalcestruzzo_600mm,IfcPile,3gEquXBon3l8L1mGCO1tQq,716668
ST_FON_PAL_PaloCalcestruzzo - ST_FON_PAL_PaloCalcestruzzo_600mm,IfcPile,3gEquXBon3l8L1mGCO1tQr,716669
ST_FON_PAL_PaloCalcestruzzo - ST_FON_PAL_PaloCalcestruzzo_600mm,IfcPile,3gEquXBon3l8L1mGCO1tQs,716670
ST_FON_PAL_PaloCalcestruzzo - ST_FON_PAL_PaloCalcestruzzo_600mm,IfcPile,3gEquXBon3l8L1mGCO1tQt,716671
ST_FON_PAL_PaloCalcestruzzo - ST_FON_PAL_PaloCalcestruzzo_600mm,IfcPile,3gEquXBon3l8L1mGCO1tPE,716678
ST_FON_PAL_PaloCalcestruzzo - ST_FON_PAL_PaloCalcestruzzo_600mm,IfcPile,3gEquXBon3l8L1mGCO1tPF,716679
ST_FON_PAL_PaloCalcestruzzo - ST_FON_PAL_PaloCalcestruzzo_600mm,IfcPile,3gEquXBon3l8L1mGCO1tP0,716680
ST_FON_PAL_PaloCalcestruzzo - ST_FON_PAL_PaloCalcestruzzo_600mm,IfcPile,3gEquXBon3l8L1mGCO1tP1,716681
ST_FON_PAL_PaloCalcestruzzo - ST_FON_PAL_PaloCalcestruzzo_600mm,IfcPile,3gEquXBon3l8L1mGCO1tPc,716718
ST_FON_PAL_PaloCalcestruzzo - ST_FON_PAL_PaloCalcestruzzo_600mm,IfcPile,3gEquXBon3l8L1mGCO1tPd,716719
ST_FON_PAL_PaloCalcestruzzo - ST_FON_PAL_PaloCalcestruzzo_600mm,IfcPile,3gEquXBon3l8L1mGCO1tPu,716720
ST_FON_PAL_PaloCalcestruzzo - ST_FON_PAL_PaloCalcestruzzo_600mm,IfcPile,3gEquXBon3l8L1mGCO1tPv,716721
ST_FON_PAL_PaloCalcestruzzo - ST_FON_PAL_PaloCalcestruzzo_600mm,IfcPile,3gEquXBon3l8L1mGCO1tPq,716732
ST_FON_PAL_PaloCalcestruzzo - ST_FON_PAL_PaloCalcestruzzo_600mm,IfcPile,3gEquXBon3l8L1mGCO1tPr,716733
ST_FON_PAL_PaloCalcestruzzo - ST_FON_PAL_PaloCalcestruzzo_600mm,IfcPile,3gEquXBon3l8L1mGCO1tPs,716734
ST_FON_PAL_PaloCalcestruzzo - ST_FON_PAL_PaloCalcestruzzo_600mm,IfcPile,3gEquXBon3l8L1mGCO1tPt,716735
ST_FON_PAL_PaloCalcestruzzo - ST_FON_PAL_PaloCalcestruzzo_600mm,IfcPile,3gEquXBon3l8L1mGCO1tOE,716742
ST_FON_PAL_PaloCalcestruzzo - ST_FON_PAL_PaloCalcestruzzo_600mm,IfcPile,3gEquXBon3l8L1mGCO1tOF,716743
ST_FON_PAL_PaloCalcestruzzo - ST_FON_PAL_PaloCalcestruzzo_600mm,IfcPile,3gEquXBon3l8L1mGCO1tO0,716744
ST_FON_PAL_PaloCalcestruzzo - ST_FON_PAL_PaloCalcestruzzo_600mm,IfcPile,3gEquXBon3l8L1mGCO1tO1,716745
ST_FON_PAL_PaloCalcestruzzo - ST_FON_PAL_PaloCalcestruzzo_600mm,IfcPile,3gEquXBon3l8L1mGCO1tOU,716758
ST_FON_PAL_PaloCalcestruzzo - ST_FON_PAL_PaloCalcestruzzo_600mm,IfcPile,3gEquXBon3l8L1mGCO1tOV,716759
ST_FON_PAL_PaloCalcestruzzo - ST_FON_PAL_PaloCalcestruzzo_600mm,IfcPile,3gEquXBon3l8L1mGCO1tOG,716760
ST_FON_PAL_PaloCalcestruzzo - ST_FON_PAL_PaloCalcestruzzo_600mm,IfcPile,3gEquXBon3l8L1mGCO1tOH,716761
ST_FON_PAL_PaloCalcestruzzo - ST_FON_PAL_PaloCalcestruzzo_600mm,IfcPile,3gEquXBon3l8L1mGCO1tOg,716770
ST_FON_PAL_PaloCalcestruzzo - ST_FON_PAL_PaloCalcestruzzo_600mm,IfcPile,3gEquXBon3l8L1mGCO1tOh,716771
ST_FON_PAL_PaloCalcestruzzo - ST_FON_PAL_PaloCalcestruzzo_600mm,IfcPile,3gEquXBon3l8L1mGCO1tOi,716772
ST_FON_PAL_PaloCalcestruzzo - ST_FON_PAL_PaloCalcestruzzo_600mm,IfcPile,3gEquXBon3l8L1mGCO1tOj,716773
ST_FON_PAL_PaloCalcestruzzo - ST_FON_PAL_PaloCalcestruzzo_600mm,IfcPile,3gEquXBon3l8L1mGCO1tOc,716782
ST_FON_PAL_PaloCalcestruzzo - ST_FON_PAL_PaloCalcestruzzo_600mm,IfcPile,3gEquXBon3l8L1mGCO1tOd,716783
ST_FON_PAL_PaloCalcestruzzo - ST_FON_PAL_PaloCalcestruzzo_600mm,IfcPile,3gEquXBon3l8L1mGCO1tOu,716784
ST_FON_PAL_PaloCalcestruzzo - ST_FON_PAL_PaloCalcestruzzo_600mm,IfcPile,3gEquXBon3l8L1mGCO1tOv,716785
ST_FON_PAL_PaloCalcestruzzo - ST_FON_PAL_PaloCalcestruzzo_600mm,IfcPile,3gEquXBon3l8L1mGCO1sc6,716878
ST_FON_PAL_PaloCalcestruzzo - ST_FON_PAL_PaloCalcestruzzo_600mm,IfcPile,3gEquXBon3l8L1mGCO1sc7,716879
ST_FON_PAL_PaloCalcestruzzo - ST_FON_PAL_PaloCalcestruzzo_600mm,IfcPile,3gEquXBon3l8L1mGCO1scO,716880
ST_FON_PAL_PaloCalcestruzzo - ST_FON_PAL_PaloCalcestruzzo_600mm,IfcPile,3gEquXBon3l8L1mGCO1scP,716881
ST_FON_PAL_PaloCalcestruzzo - ST_FON_PAL_PaloCalcestruzzo_600mm,IfcPile,3gEquXBon3l8L1mGCO1sco,716922
ST_FON_PAL_PaloCalcestruzzo - ST_FON_PAL_PaloCalcestruzzo_600mm,IfcPile,3gEquXBon3l8L1mGCO1scp,716923
ST_FON_PAL_PaloCalcestruzzo - ST_FON_PAL_PaloCalcestruzzo_600mm,IfcPile,3gEquXBon3l8L1mGCO1scq,716924
ST_FON_PAL_PaloCalcestruzzo - ST_FON_PAL_PaloCalcestruzzo_600mm,IfcPile,3gEquXBon3l8L1mGCO1scr,716925
ST_FON_PAL_PaloCalcestruzzo - ST_FON_PAL_PaloCalcestruzzo_600mm,IfcPile,3gEquXBon3l8L1mGCO1sb0,716936
ST_FON_PAL_PaloCalcestruzzo - ST_FON_PAL_PaloCalcestruzzo_600mm,IfcPile,3gEquXBon3l8L1mGCO1sb1,716937
ST_FON_PAL_PaloCalcestruzzo - ST_FON_PAL_PaloCalcestruzzo_600mm,IfcPile,3gEquXBon3l8L1mGCO1sb2,716938
ST_FON_PAL_PaloCalcestruzzo - ST_FON_PAL_PaloCalcestruzzo_600mm,IfcPile,3gEquXBon3l8L1mGCO1sb3,716939
ST_FON_PAL_PaloCalcestruzzo - ST_FON_PAL_PaloCalcestruzzo_600mm,IfcPile,3gEquXBon3l8L1mGCO1sbS,716948
ST_FON_PAL_PaloCalcestruzzo - ST_FON_PAL_PaloCalcestruzzo_600mm,IfcPile,3gEquXBon3l8L1mGCO1sbT,716949
ST_FON_PAL_PaloCalcestruzzo - ST_FON_PAL_PaloCalcestruzzo_600mm,IfcPile,3gEquXBon3l8L1mGCO1sbU,716950
ST_FON_PAL_PaloCalcestruzzo - ST_FON_PAL_PaloCalcestruzzo_600mm,IfcPile,3gEquXBon3l8L1mGCO1sbV,716951
ST_FON_PAL_PaloCalcestruzzo - ST_FON_PAL_PaloCalcestruzzo_600mm,IfcPile,3gEquXBon3l8L1mGCO1sbe,716960
ST_FON_PAL_PaloCalcestruzzo - ST_FON_PAL_PaloCalcestruzzo_600mm,IfcPile,3gEquXBon3l8L1mGCO1sbf,716961
ST_FON_PAL_PaloCalcestruzzo - ST_FON_PAL_PaloCalcestruzzo_600mm,IfcPile,3gEquXBon3l8L1mGCO1sbg,716962
ST_FON_PAL_PaloCalcestruzzo - ST_FON_PAL_PaloCalcestruzzo_600mm,IfcPile,3gEquXBon3l8L1mGCO1sbh,716963
ST_FON_PAL_PaloCalcestruzzo - ST_FON_PAL_PaloCalcestruzzo_600mm,IfcPile,3gEquXBon3l8L1mGCO1sba,716972
ST_FON_PAL_PaloCalcestruzzo - ST_FON_PAL_PaloCalcestruzzo_600mm,IfcPile,3gEquXBon3l8L1mGCO1sbb,716973
ST_FON_PAL_PaloCalcestruzzo - ST_FON_PAL_PaloCalcestruzzo_600mm,IfcPile,3gEquXBon3l8L1mGCO1sbc,716974
ST_FON_PAL_PaloCalcestruzzo - ST_FON_PAL_PaloCalcestruzzo_600mm,IfcPile,3gEquXBon3l8L1mGCO1sbd,716975
ST_FON_PAL_PaloCalcestruzzo - ST_FON_PAL_PaloCalcestruzzo_600mm,IfcPile,3gEquXBon3l8L1mGCO1sbo,716986
ST_FON_PAL_PaloCalcestruzzo - ST_FON_PAL_PaloCalcestruzzo_600mm,IfcPile,3gEquXBon3l8L1mGCO1sbp,716987
ST_FON_PAL_PaloCalcestruzzo - ST_FON_PAL_PaloCalcestruzzo_600mm,IfcPile,3gEquXBon3l8L1mGCO1sbq,716988
ST_FON_PAL_PaloCalcestruzzo - ST_FON_PAL_PaloCalcestruzzo_600mm,IfcPile,3gEquXBon3l8L1mGCO1sbr,716989
ST_FON_PAL_PaloCalcestruzzo - ST_FON_PAL_PaloCalcestruzzo_600mm,IfcPile,3gEquXBon3l8L1mGCO1sa0,717000
ST_FON_PAL_PaloCalcestruzzo - ST_FON_PAL_PaloCalcestruzzo_600mm,IfcPile,3gEquXBon3l8L1mGCO1sa1,717001
ST_FON_PAL_PaloCalcestruzzo - ST_FON_PAL_PaloCalcestruzzo_600mm,IfcPile,3gEquXBon3l8L1mGCO1sa2,717002
ST_FON_PAL_PaloCalcestruzzo - ST_FON_PAL_PaloCalcestruzzo_600mm,IfcPile,3gEquXBon3l8L1mGCO1sa3,717003
ST_FON_PAL_PaloCalcestruzzo - ST_FON_PAL_PaloCalcestruzzo_600mm,IfcPile,3gEquXBon3l8L1mGCO1saU,717014
ST_FON_PAL_PaloCalcestruzzo - ST_FON_PAL_PaloCalcestruzzo_600mm,IfcPile,3gEquXBon3l8L1mGCO1saV,717015
ST_FON_PAL_PaloCalcestruzzo - ST_FON_PAL_PaloCalcestruzzo_600mm,IfcPile,3gEquXBon3l8L1mGCO1saG,717016
ST_FON_PAL_PaloCalcestruzzo - ST_FON_PAL_PaloCalcestruzzo_600mm,IfcPile,3gEquXBon3l8L1mGCO1saH,717017
ST_FON_PAL_PaloCalcestruzzo - ST_FON_PAL_PaloCalcestruzzo_600mm,IfcPile,3gEquXBon3l8L1mGCO1sai,717028
ST_FON_PAL_PaloCalcestruzzo - ST_FON_PAL_PaloCalcestruzzo_600mm,IfcPile,3gEquXBon3l8L1mGCO1saj,717029
ST_FON_PAL_PaloCalcestruzzo - ST_FON_PAL_PaloCalcestruzzo_600mm,IfcPile,3gEquXBon3l8L1mGCO1sak,717030
ST_FON_PAL_PaloCalcestruzzo - ST_FON_PAL_PaloCalcestruzzo_600mm,IfcPile,3gEquXBon3l8L1mGCO1sal,717031
ST_FON_PAL_PaloCalcestruzzo - ST_FON_PAL_PaloCalcestruzzo_600mm,IfcPile,3gEquXBon3l8L1mGCO1saw,717042
ST_FON_PAL_PaloCalcestruzzo - ST_FON_PAL_PaloCalcestruzzo_600mm,IfcPile,3gEquXBon3l8L1mGCO1sax,717043
ST_FON_PAL_PaloCalcestruzzo - ST_FON_PAL_PaloCalcestruzzo_600mm,IfcPile,3gEquXBon3l8L1mGCO1say,717044
ST_FON_PAL_PaloCalcestruzzo - ST_FON_PAL_PaloCalcestruzzo_600mm,IfcPile,3gEquXBon3l8L1mGCO1saz,717045
ST_FON_PAL_PaloCalcestruzzo - ST_FON_PAL_PaloCalcestruzzo_600mm,IfcPile,3gEquXBon3l8L1mGCO1sZG,717080
ST_FON_PAL_PaloCalcestruzzo - ST_FON_PAL_PaloCalcestruzzo_600mm,IfcPile,3gEquXBon3l8L1mGCO1sZH,717081
ST_FON_PAL_PaloCalcestruzzo - ST_FON_PAL_PaloCalcestruzzo_600mm,IfcPile,3gEquXBon3l8L1mGCO1sZI,717082
ST_FON_PAL_PaloCalcestruzzo - ST_FON_PAL_PaloCalcestruzzo_600mm,IfcPile,3gEquXBon3l8L1mGCO1sZJ,717083
ST_FON_PAL_PaloCalcestruzzo - ST_FON_PAL_PaloCalcestruzzo_600mm,IfcPile,3gEquXBon3l8L1mGCO1sZi,717092
ST_FON_PAL_PaloCalcestruzzo - ST_FON_PAL_PaloCalcestruzzo_600mm,IfcPile,3gEquXBon3l8L1mGCO1sZj,717093
ST_FON_PAL_PaloCalcestruzzo - ST_FON_PAL_PaloCalcestruzzo_600mm,IfcPile,3gEquXBon3l8L1mGCO1sZk,717094
ST_FON_PAL_PaloCalcestruzzo - ST_FON_PAL_PaloCalcestruzzo_600mm,IfcPile,3gEquXBon3l8L1mGCO1sZl,717095
ST_FON_PAL_PaloCalcestruzzo - ST_FON_PAL_PaloCalcestruzzo_600mm,IfcPile,3gEquXBon3l8L1mGCO1sZu,717104
ST_FON_PAL_PaloCalcestruzzo - ST_FON_PAL_PaloCalcestruzzo_600mm,IfcPile,3gEquXBon3l8L1mGCO1sZv,717105
ST_FON_PAL_PaloCalcestruzzo - ST_FON_PAL_PaloCalcestruzzo_600mm,IfcPile,3gEquXBon3l8L1mGCO1sZw,717106
ST_FON_PAL_PaloCalcestruzzo - ST_FON_PAL_PaloCalcestruzzo_600mm,IfcPile,3gEquXBon3l8L1mGCO1sZx,717107
ST_FON_PAL_PaloCalcestruzzo - ST_FON_PAL_PaloCalcestruzzo_600mm,IfcPile,3gEquXBon3l8L1mGCO1sZq,717116
ST_FON_PAL_PaloCalcestruzzo - ST_FON_PAL_PaloCalcestruzzo_600mm,IfcPile,3gEquXBon3l8L1mGCO1sZr,717117
ST_FON_PAL_PaloCalcestruzzo - ST_FON_PAL_PaloCalcestruzzo_600mm,IfcPile,3gEquXBon3l8L1mGCO1sZs,717118
ST_FON_PAL_PaloCalcestruzzo - ST_FON_PAL_PaloCalcestruzzo_600mm,IfcPile,3gEquXBon3l8L1mGCO1sZt,717119
ST_FON_PAL_PaloCalcestruzzo - ST_FON_PAL_PaloCalcestruzzo_600mm,IfcPile,3gEquXBon3l8L1mGCO1sY0,717128
ST_FON_PAL_PaloCalcestruzzo - ST_FON_PAL_PaloCalcestruzzo_600mm,IfcPile,3gEquXBon3l8L1mGCO1sY1,717129
ST_FON_PAL_PaloCalcestruzzo - ST_FON_PAL_PaloCalcestruzzo_600mm,IfcPile,3gEquXBon3l8L1mGCO1sY2,717130
ST_FON_PAL_PaloCalcestruzzo - ST_FON_PAL_PaloCalcestruzzo_600mm,IfcPile,3gEquXBon3l8L1mGCO1sY3,717131
ST_FON_PAL_PaloCalcestruzzo - ST_FON_PAL_PaloCalcestruzzo_600mm,IfcPile,3gEquXBon3l8L1mGCO1sYS,717140
ST_FON_PAL_PaloCalcestruzzo - ST_FON_PAL_PaloCalcestruzzo_600mm,IfcPile,3gEquXBon3l8L1mGCO1sYT,717141
ST_FON_PAL_PaloCalcestruzzo - ST_FON_PAL_PaloCalcestruzzo_600mm,IfcPile,3gEquXBon3l8L1mGCO1sYU,717142
ST_FON_PAL_PaloCalcestruzzo - ST_FON_PAL_PaloCalcestruzzo_600mm,IfcPile,3gEquXBon3l8L1mGCO1sYV,717143
ST_FON_PAL_PaloCalcestruzzo - ST_FON_PAL_PaloCalcestruzzo_600mm,IfcPile,3gEquXBon3l8L1mGCO1sYe,717152
ST_FON_PAL_PaloCalcestruzzo - ST_FON_PAL_PaloCalcestruzzo_600mm,IfcPile,3gEquXBon3l8L1mGCO1sYf,717153
ST_FON_PAL_PaloCalcestruzzo - ST_FON_PAL_PaloCalcestruzzo_600mm,IfcPile,3gEquXBon3l8L1mGCO1sYg,717154
ST_FON_PAL_PaloCalcestruzzo - ST_FON_PAL_PaloCalcestruzzo_600mm,IfcPile,3gEquXBon3l8L1mGCO1sYh,717155
ST_FON_PAL_PaloCalcestruzzo - ST_FON_PAL_PaloCalcestruzzo_600mm,IfcPile,3gEquXBon3l8L1mGCO1sWz,717301
ST_FON_PAL_PaloCalcestruzzo - ST_FON_PAL_PaloCalcestruzzo_600mm,IfcPile,3gEquXBon3l8L1mGCO1sW_,717302
ST_FON_PAL_PaloCalcestruzzo - ST_FON_PAL_PaloCalcestruzzo_600mm,IfcPile,3gEquXBon3l8L1mGCO1sW$,717303
ST_FON_PAL_PaloCalcestruzzo - ST_FON_PAL_PaloCalcestruzzo_600mm,IfcPile,3gEquXBon3l8L1mGCO1sWm,717304
ST_FON_PAL_PaloCalcestruzzo - ST_FON_PAL_PaloCalcestruzzo_600mm,IfcPile,3gEquXBon3l8L1mGCO1slJ,717339
ST_FON_PAL_PaloCalcestruzzo - ST_FON_PAL_PaloCalcestruzzo_600mm,IfcPile,3gEquXBon3l8L1mGCO1slK,717340
ST_FON_PAL_PaloCalcestruzzo - ST_FON_PAL_PaloCalcestruzzo_600mm,IfcPile,3gEquXBon3l8L1mGCO1slL,717341
ST_FON_PAL_PaloCalcestruzzo - ST_FON_PAL_PaloCalcestruzzo_600mm,IfcPile,3gEquXBon3l8L1mGCO1slM,717342
ST_FON_PAL_PaloCalcestruzzo - ST_FON_PAL_PaloCalcestruzzo_600mm,IfcPile,3gEquXBon3l8L1mGCO1sll,717351
ST_FON_PAL_PaloCalcestruzzo - ST_FON_PAL_PaloCalcestruzzo_600mm,IfcPile,3gEquXBon3l8L1mGCO1slW,717352
ST_FON_PAL_PaloCalcestruzzo - ST_FON_PAL_PaloCalcestruzzo_600mm,IfcPile,3gEquXBon3l8L1mGCO1slX,717353
ST_FON_PAL_PaloCalcestruzzo - ST_FON_PAL_PaloCalcestruzzo_600mm,IfcPile,3gEquXBon3l8L1mGCO1slY,717354
ST_FON_PAL_PaloCalcestruzzo - ST_FON_PAL_PaloCalcestruzzo_600mm,IfcPile,3gEquXBon3l8L1mGCO1slr,717373
ST_FON_PAL_PaloCalcestruzzo - ST_FON_PAL_PaloCalcestruzzo_600mm,IfcPile,3gEquXBon3l8L1mGCO1sls,717374
ST_FON_PAL_PaloCalcestruzzo - ST_FON_PAL_PaloCalcestruzzo_600mm,IfcPile,3gEquXBon3l8L1mGCO1slt,717375
ST_FON_PAL_PaloCalcestruzzo - ST_FON_PAL_PaloCalcestruzzo_600mm,IfcPile,3gEquXBon3l8L1mGCO1sk8,717376
ST_FON_PAL_PaloCalcestruzzo - ST_FON_PAL_PaloCalcestruzzo_600mm,IfcPile,3gEquXBon3l8L1mGCO1skT,717397
ST_FON_PAL_PaloCalcestruzzo - ST_FON_PAL_PaloCalcestruzzo_600mm,IfcPile,3gEquXBon3l8L1mGCO1skU,717398
ST_FON_PAL_PaloCalcestruzzo - ST_FON_PAL_PaloCalcestruzzo_600mm,IfcPile,3gEquXBon3l8L1mGCO1skV,717399
ST_FON_PAL_PaloCalcestruzzo - ST_FON_PAL_PaloCalcestruzzo_600mm,IfcPile,3gEquXBon3l8L1mGCO1skG,717400
ST_FON_PAL_PaloCalcestruzzo - ST_FON_PAL_PaloCalcestruzzo_600mm,IfcPile,3gEquXBon3l8L1mGCO1skh,717411
ST_FON_PAL_PaloCalcestruzzo - ST_FON_PAL_PaloCalcestruzzo_600mm,IfcPile,3gEquXBon3l8L1mGCO1ski,717412
ST_FON_PAL_PaloCalcestruzzo - ST_FON_PAL_PaloCalcestruzzo_600mm,IfcPile,3gEquXBon3l8L1mGCO1skj,717413
ST_FON_PAL_PaloCalcestruzzo - ST_FON_PAL_PaloCalcestruzzo_600mm,IfcPile,3gEquXBon3l8L1mGCO1skk,717414
ST_FON_PAL_PaloCalcestruzzo - ST_FON_PAL_PaloCalcestruzzo_600mm,IfcPile,3gEquXBon3l8L1mGCO1skd,717423
ST_FON_PAL_PaloCalcestruzzo - ST_FON_PAL_PaloCalcestruzzo_600mm,IfcPile,3gEquXBon3l8L1mGCO1sku,717424
ST_FON_PAL_PaloCalcestruzzo - ST_FON_PAL_PaloCalcestruzzo_600mm,IfcPile,3gEquXBon3l8L1mGCO1skv,717425
ST_FON_PAL_PaloCalcestruzzo - ST_FON_PAL_PaloCalcestruzzo_600mm,IfcPile,3gEquXBon3l8L1mGCO1skw,717426
ST_FON_PAL_PaloCalcestruzzo - ST_FON_PAL_PaloCalcestruzzo_600mm,IfcPile,3gEquXBon3l8L1mGCO1skr,717437
ST_FON_PAL_PaloCalcestruzzo - ST_FON_PAL_PaloCalcestruzzo_600mm,IfcPile,3gEquXBon3l8L1mGCO1sks,717438
ST_FON_PAL_PaloCalcestruzzo - ST_FON_PAL_PaloCalcestruzzo_600mm,IfcPile,3gEquXBon3l8L1mGCO1skt,717439
ST_FON_PAL_PaloCalcestruzzo - ST_FON_PAL_PaloCalcestruzzo_600mm,IfcPile,3gEquXBon3l8L1mGCO1sj8,717440
ST_FON_PAL_PaloCalcestruzzo - ST_FON_PAL_PaloCalcestruzzo_600mm,IfcPile,3gEquXBon3l8L1mGCO1sj5,717453
ST_FON_PAL_PaloCalcestruzzo - ST_FON_PAL_PaloCalcestruzzo_600mm,IfcPile,3gEquXBon3l8L1mGCO1sj6,717454
ST_FON_PAL_PaloCalcestruzzo - ST_FON_PAL_PaloCalcestruzzo_600mm,IfcPile,3gEquXBon3l8L1mGCO1sj7,717455
ST_FON_PAL_PaloCalcestruzzo - ST_FON_PAL_PaloCalcestruzzo_600mm,IfcPile,3gEquXBon3l8L1mGCO1sjO,717456
ST_FON_PAL_PaloCalcestruzzo - ST_FON_PAL_PaloCalcestruzzo_600mm,IfcPile,3gEquXBon3l8L1mGCO1sjH,717465
ST_FON_PAL_PaloCalcestruzzo - ST_FON_PAL_PaloCalcestruzzo_600mm,IfcPile,3gEquXBon3l8L1mGCO1sjI,717466
ST_FON_PAL_PaloCalcestruzzo - ST_FON_PAL_PaloCalcestruzzo_600mm,IfcPile,3gEquXBon3l8L1mGCO1sjJ,717467
ST_FON_PAL_PaloCalcestruzzo - ST_FON_PAL_PaloCalcestruzzo_600mm,IfcPile,3gEquXBon3l8L1mGCO1sjK,717468
ST_FON_PAL_PaloCalcestruzzo - ST_FON_PAL_PaloCalcestruzzo_600mm,IfcPile,3gEquXBon3l8L1mGCO1sjl,717479
ST_FON_PAL_PaloCalcestruzzo - ST_FON_PAL_PaloCalcestruzzo_600mm,IfcPile,3gEquXBon3l8L1mGCO1sjW,717480
ST_FON_PAL_PaloCalcestruzzo - ST_FON_PAL_PaloCalcestruzzo_600mm,IfcPile,3gEquXBon3l8L1mGCO1sjX,717481
ST_FON_PAL_PaloCalcestruzzo - ST_FON_PAL_PaloCalcestruzzo_600mm,IfcPile,3gEquXBon3l8L1mGCO1sjY,717482
ST_FON_PAL_PaloCalcestruzzo - ST_FON_PAL_PaloCalcestruzzo_600mm,IfcPile,3gEquXBon3l8L1mGCO1sjv,717489
ST_FON_PAL_PaloCalcestruzzo - ST_FON_PAL_PaloCalcestruzzo_600mm,IfcPile,3gEquXBon3l8L1mGCO1sjw,717490
ST_FON_PAL_PaloCalcestruzzo - ST_FON_PAL_PaloCalcestruzzo_600mm,IfcPile,3gEquXBon3l8L1mGCO1sjx,717491
ST_FON_PAL_PaloCalcestruzzo - ST_FON_PAL_PaloCalcestruzzo_600mm,IfcPile,3gEquXBon3l8L1mGCO1sjy,717492
ST_FON_PAL_PaloCalcestruzzo - ST_FON_PAL_PaloCalcestruzzo_600mm,IfcPile,3gEquXBon3l8L1mGCO1si9,717505
ST_FON_PAL_PaloCalcestruzzo - ST_FON_PAL_PaloCalcestruzzo_600mm,IfcPile,3gEquXBon3l8L1mGCO1siA,717506
ST_FON_PAL_PaloCalcestruzzo - ST_FON_PAL_PaloCalcestruzzo_600mm,IfcPile,3gEquXBon3l8L1mGCO1siB,717507
ST_FON_PAL_PaloCalcestruzzo - ST_FON_PAL_PaloCalcestruzzo_600mm,IfcPile,3gEquXBon3l8L1mGCO1siC,717508
ST_FON_PAL_PaloCalcestruzzo - ST_FON_PAL_PaloCalcestruzzo_600mm,IfcPile,3gEquXBon3l8L1mGCO1si5,717517
ST_FON_PAL_PaloCalcestruzzo - ST_FON_PAL_PaloCalcestruzzo_600mm,IfcPile,3gEquXBon3l8L1mGCO1si6,717518
ST_FON_PAL_PaloCalcestruzzo - ST_FON_PAL_PaloCalcestruzzo_600mm,IfcPile,3gEquXBon3l8L1mGCO1si7,717519
ST_FON_PAL_PaloCalcestruzzo - ST_FON_PAL_PaloCalcestruzzo_600mm,IfcPile,3gEquXBon3l8L1mGCO1siO,717520
ST_FON_PAL_PaloCalcestruzzo - ST_FON_PAL_PaloCalcestruzzo_600mm,IfcPile,3gEquXBon3l8L1mGCO1siJ,717531
ST_FON_PAL_PaloCalcestruzzo - ST_FON_PAL_PaloCalcestruzzo_600mm,IfcPile,3gEquXBon3l8L1mGCO1siK,717532
ST_FON_PAL_PaloCalcestruzzo - ST_FON_PAL_PaloCalcestruzzo_600mm,IfcPile,3gEquXBon3l8L1mGCO1siL,717533
ST_FON_PAL_PaloCalcestruzzo - ST_FON_PAL_PaloCalcestruzzo_600mm,IfcPile,3gEquXBon3l8L1mGCO1siM,717534
ST_FON_PAL_PaloCalcestruzzo - ST_FON_PAL_PaloCalcestruzzo_600mm,IfcPile,3gEquXBon3l8L1mGCO1six,717555
ST_FON_PAL_PaloCalcestruzzo - ST_FON_PAL_PaloCalcestruzzo_600mm,IfcPile,3gEquXBon3l8L1mGCO1siy,717556
ST_FON_PAL_PaloCalcestruzzo - ST_FON_PAL_PaloCalcestruzzo_600mm,IfcPile,3gEquXBon3l8L1mGCO1siz,717557
ST_FON_PAL_PaloCalcestruzzo - ST_FON_PAL_PaloCalcestruzzo_600mm,IfcPile,3gEquXBon3l8L1mGCO1si_,717558
ST_FON_PAL_PaloCalcestruzzo - ST_FON_PAL_PaloCalcestruzzo_600mm,IfcPile,3gEquXBon3l8L1mGCO1sir,717565
ST_FON_PAL_PaloCalcestruzzo - ST_FON_PAL_PaloCalcestruzzo_600mm,IfcPile,3gEquXBon3l8L1mGCO1sis,717566
ST_FON_PAL_PaloCalcestruzzo - ST_FON_PAL_PaloCalcestruzzo_600mm,IfcPile,3gEquXBon3l8L1mGCO1sit,717567
ST_FON_PAL_PaloCalcestruzzo - ST_FON_PAL_PaloCalcestruzzo_600mm,IfcPile,3gEquXBon3l8L1mGCO1sh8,717568
ST_FON_PAL_PaloCalcestruzzo - ST_FON_PAL_PaloCalcestruzzo_600mm,IfcPile,3gEquXBon3l8L1mGCO1sh1,717577
ST_FON_PAL_PaloCalcestruzzo - ST_FON_PAL_PaloCalcestruzzo_600mm,IfcPile,3gEquXBon3l8L1mGCO1sh2,717578
ST_FON_PAL_PaloCalcestruzzo - ST_FON_PAL_PaloCalcestruzzo_600mm,IfcPile,3gEquXBon3l8L1mGCO1sh3,717579
ST_FON_PAL_PaloCalcestruzzo - ST_FON_PAL_PaloCalcestruzzo_600mm,IfcPile,3gEquXBon3l8L1mGCO1sh4,717580
ST_FON_PAL_PaloCalcestruzzo - ST_FON_PAL_PaloCalcestruzzo_600mm,IfcPile,3gEquXBon3l8L1mGCO1shb,717613
ST_FON_PAL_PaloCalcestruzzo - ST_FON_PAL_PaloCalcestruzzo_600mm,IfcPile,3gEquXBon3l8L1mGCO1shc,717614
ST_FON_PAL_PaloCalcestruzzo - ST_FON_PAL_PaloCalcestruzzo_600mm,IfcPile,3gEquXBon3l8L1mGCO1shd,717615
ST_FON_PAL_PaloCalcestruzzo - ST_FON_PAL_PaloCalcestruzzo_600mm,IfcPile,3gEquXBon3l8L1mGCO1shu,717616
ST_FON_PAL_PaloCalcestruzzo - ST_FON_PAL_PaloCalcestruzzo_600mm,IfcPile,3gEquXBon3l8L1mGCO1shn,717625
ST_FON_PAL_PaloCalcestruzzo - ST_FON_PAL_PaloCalcestruzzo_600mm,IfcPile,3gEquXBon3l8L1mGCO1sho,717626
ST_FON_PAL_PaloCalcestruzzo - ST_FON_PAL_PaloCalcestruzzo_600mm,IfcPile,3gEquXBon3l8L1mGCO1shp,717627
ST_FON_PAL_PaloCalcestruzzo - ST_FON_PAL_PaloCalcestruzzo_600mm,IfcPile,3gEquXBon3l8L1mGCO1shq,717628
ST_FON_PAL_PaloCalcestruzzo - ST_FON_PAL_PaloCalcestruzzo_600mm,IfcPile,3gEquXBon3l8L1mGCO1sgD,717637
ST_FON_PAL_PaloCalcestruzzo - ST_FON_PAL_PaloCalcestruzzo_600mm,IfcPile,3gEquXBon3l8L1mGCO1sgE,717638
ST_FON_PAL_PaloCalcestruzzo - ST_FON_PAL_PaloCalcestruzzo_600mm,IfcPile,3gEquXBon3l8L1mGCO1sgF,717639
ST_FON_PAL_PaloCalcestruzzo - ST_FON_PAL_PaloCalcestruzzo_600mm,IfcPile,3gEquXBon3l8L1mGCO1sg0,717640
ST_FON_PAL_PaloCalcestruzzo - ST_FON_PAL_PaloCalcestruzzo_600mm,IfcPile,3gEquXBon3l8L1mGCO1sgP,717649
ST_FON_PAL_PaloCalcestruzzo - ST_FON_PAL_PaloCalcestruzzo_600mm,IfcPile,3gEquXBon3l8L1mGCO1sgQ,717650
ST_FON_PAL_PaloCalcestruzzo - ST_FON_PAL_PaloCalcestruzzo_600mm,IfcPile,3gEquXBon3l8L1mGCO1sgR,717651
ST_FON_PAL_PaloCalcestruzzo - ST_FON_PAL_PaloCalcestruzzo_600mm,IfcPile,3gEquXBon3l8L1mGCO1sgS,717652
ST_FON_PAL_PaloCalcestruzzo - ST_FON_PAL_PaloCalcestruzzo_600mm,IfcPile,3gEquXBon3l8L1mGCO1sel,717799
ST_FON_PAL_PaloCalcestruzzo - ST_FON_PAL_PaloCalcestruzzo_600mm,IfcPile,3gEquXBon3l8L1mGCO1seW,717800
ST_FON_PAL_PaloCalcestruzzo - ST_FON_PAL_PaloCalcestruzzo_600mm,IfcPile,3gEquXBon3l8L1mGCO1seX,717801
ST_FON_PAL_PaloCalcestruzzo - ST_FON_PAL_PaloCalcestruzzo_600mm,IfcPile,3gEquXBon3l8L1mGCO1seY,717802
ST_FON_PAL_PaloCalcestruzzo - ST_FON_PAL_PaloCalcestruzzo_600mm,IfcPile,3gEquXBon3l8L1mGCO1sex,717811
ST_FON_PAL_PaloCalcestruzzo - ST_FON_PAL_PaloCalcestruzzo_600mm,IfcPile,3gEquXBon3l8L1mGCO1sey,717812
ST_FON_PAL_PaloCalcestruzzo - ST_FON_PAL_PaloCalcestruzzo_600mm,IfcPile,3gEquXBon3l8L1mGCO1sez,717813
ST_FON_PAL_PaloCalcestruzzo - ST_FON_PAL_PaloCalcestruzzo_600mm,IfcPile,3gEquXBon3l8L1mGCO1se_,717814
ST_FON_PAL_PaloCalcestruzzo - ST_FON_PAL_PaloCalcestruzzo_600mm,IfcPile,3gEquXBon3l8L1mGCO1stv,717873
ST_FON_PAL_PaloCalcestruzzo - ST_FON_PAL_PaloCalcestruzzo_600mm,IfcPile,3gEquXBon3l8L1mGCO1stw,717874
ST_FON_PAL_PaloCalcestruzzo - ST_FON_PAL_PaloCalcestruzzo_600mm,IfcPile,3gEquXBon3l8L1mGCO1stx,717875
ST_FON_PAL_PaloCalcestruzzo - ST_FON_PAL_PaloCalcestruzzo_600mm,IfcPile,3gEquXBon3l8L1mGCO1sty,717876
ST_FON_PAL_PaloCalcestruzzo - ST_FON_PAL_PaloCalcestruzzo_600mm,IfcPile,3gEquXBon3l8L1mGCO1str,717885
ST_FON_PAL_PaloCalcestruzzo - ST_FON_PAL_PaloCalcestruzzo_600mm,IfcPile,3gEquXBon3l8L1mGCO1sts,717886
ST_FON_PAL_PaloCalcestruzzo - ST_FON_PAL_PaloCalcestruzzo_600mm,IfcPile,3gEquXBon3l8L1mGCO1stt,717887
ST_FON_PAL_PaloCalcestruzzo - ST_FON_PAL_PaloCalcestruzzo_600mm,IfcPile,3gEquXBon3l8L1mGCO1ss8,717888
ST_FON_PAL_PaloCalcestruzzo - ST_FON_PAL_PaloCalcestruzzo_600mm,IfcPile,3gEquXBon3l8L1mGCO1ss1,717897
ST_FON_PAL_PaloCalcestruzzo - ST_FON_PAL_PaloCalcestruzzo_600mm,IfcPile,3gEquXBon3l8L1mGCO1ss2,717898
ST_FON_PAL_PaloCalcestruzzo - ST_FON_PAL_PaloCalcestruzzo_600mm,IfcPile,3gEquXBon3l8L1mGCO1ss3,717899
ST_FON_PAL_PaloCalcestruzzo - ST_FON_PAL_PaloCalcestruzzo_600mm,IfcPile,3gEquXBon3l8L1mGCO1ss4,717900
ST_FON_PAL_PaloCalcestruzzo - ST_FON_PAL_PaloCalcestruzzo_600mm,IfcPile,3gEquXBon3l8L1mGCO1ssT,717909
ST_FON_PAL_PaloCalcestruzzo - ST_FON_PAL_PaloCalcestruzzo_600mm,IfcPile,3gEquXBon3l8L1mGCO1ssU,717910
ST_FON_PAL_PaloCalcestruzzo - ST_FON_PAL_PaloCalcestruzzo_600mm,IfcPile,3gEquXBon3l8L1mGCO1ssV,717911
ST_FON_PAL_PaloCalcestruzzo - ST_FON_PAL_PaloCalcestruzzo_600mm,IfcPile,3gEquXBon3l8L1mGCO1ssG,717912
ST_FON_PAL_PaloCalcestruzzo - ST_FON_PAL_PaloCalcestruzzo_600mm,IfcPile,3gEquXBon3l8L1mGCO1ssf,717921
ST_FON_PAL_PaloCalcestruzzo - ST_FON_PAL_PaloCalcestruzzo_600mm,IfcPile,3gEquXBon3l8L1mGCO1ssg,717922
ST_FON_PAL_PaloCalcestruzzo - ST_FON_PAL_PaloCalcestruzzo_600mm,IfcPile,3gEquXBon3l8L1mGCO1ssh,717923
ST_FON_PAL_PaloCalcestruzzo - ST_FON_PAL_PaloCalcestruzzo_600mm,IfcPile,3gEquXBon3l8L1mGCO1ssi,717924
ST_FON_PAL_PaloCalcestruzzo - ST_FON_PAL_PaloCalcestruzzo_600mm,IfcPile,3gEquXBon3l8L1mGCO1ssb,717933
ST_FON_PAL_PaloCalcestruzzo - ST_FON_PAL_PaloCalcestruzzo_600mm,IfcPile,3gEquXBon3l8L1mGCO1ssc,717934
ST_FON_PAL_PaloCalcestruzzo - ST_FON_PAL_PaloCalcestruzzo_600mm,IfcPile,3gEquXBon3l8L1mGCO1ssd,717935
ST_FON_PAL_PaloCalcestruzzo - ST_FON_PAL_PaloCalcestruzzo_600mm,IfcPile,3gEquXBon3l8L1mGCO1ssu,717936
ST_FON_PAL_PaloCalcestruzzo - ST_FON_PAL_PaloCalcestruzzo_600mm,IfcPile,3gEquXBon3l8L1mGCO1srY,717994
ST_FON_PAL_PaloCalcestruzzo - ST_FON_PAL_PaloCalcestruzzo_600mm,IfcPile,3gEquXBon3l8L1mGCO1srZ,717995
ST_FON_PAL_PaloCalcestruzzo - ST_FON_PAL_PaloCalcestruzzo_600mm,IfcPile,3gEquXBon3l8L1mGCO1sra,717996
ST_FON_PAL_PaloCalcestruzzo - ST_FON_PAL_PaloCalcestruzzo_600mm,IfcPile,3gEquXBon3l8L1mGCO1srb,717997
ST_FON_PAL_PaloCalcestruzzo - ST_FON_PAL_PaloCalcestruzzo_600mm,IfcPile,3gEquXBon3l8L1mGCO1sqC,718020
ST_FON_PAL_PaloCalcestruzzo - ST_FON_PAL_PaloCalcestruzzo_600mm,IfcPile,3gEquXBon3l8L1mGCO1sqD,718021
ST_FON_PAL_PaloCalcestruzzo - ST_FON_PAL_PaloCalcestruzzo_600mm,IfcPile,3gEquXBon3l8L1mGCO1sqE,718022
ST_FON_PAL_PaloCalcestruzzo - ST_FON_PAL_PaloCalcestruzzo_600mm,IfcPile,3gEquXBon3l8L1mGCO1sqF,718023
ST_FON_PAL_PaloCalcestruzzo - ST_FON_PAL_PaloCalcestruzzo_600mm,IfcPile,3gEquXBon3l8L1mGCO1sqO,718032
ST_FON_PAL_PaloCalcestruzzo - ST_FON_PAL_PaloCalcestruzzo_600mm,IfcPile,3gEquXBon3l8L1mGCO1sqP,718033
ST_FON_PAL_PaloCalcestruzzo - ST_FON_PAL_PaloCalcestruzzo_600mm,IfcPile,3gEquXBon3l8L1mGCO1sqQ,718034
ST_FON_PAL_PaloCalcestruzzo - ST_FON_PAL_PaloCalcestruzzo_600mm,IfcPile,3gEquXBon3l8L1mGCO1sqR,718035
ST_FON_PAL_PaloCalcestruzzo - ST_FON_PAL_PaloCalcestruzzo_600mm,IfcPile,3gEquXBon3l8L1mGCO1sqK,718044
ST_FON_PAL_PaloCalcestruzzo - ST_FON_PAL_PaloCalcestruzzo_600mm,IfcPile,3gEquXBon3l8L1mGCO1sqL,718045
ST_FON_PAL_PaloCalcestruzzo - ST_FON_PAL_PaloCalcestruzzo_600mm,IfcPile,3gEquXBon3l8L1mGCO1sqM,718046
ST_FON_PAL_PaloCalcestruzzo - ST_FON_PAL_PaloCalcestruzzo_600mm,IfcPile,3gEquXBon3l8L1mGCO1sqN,718047
ST_FON_PAL_PaloCalcestruzzo - ST_FON_PAL_PaloCalcestruzzo_600mm,IfcPile,3gEquXBon3l8L1mGCO1sqk,718054
ST_FON_PAL_PaloCalcestruzzo - ST_FON_PAL_PaloCalcestruzzo_600mm,IfcPile,3gEquXBon3l8L1mGCO1sql,718055
ST_FON_PAL_PaloCalcestruzzo - ST_FON_PAL_PaloCalcestruzzo_600mm,IfcPile,3gEquXBon3l8L1mGCO1sqW,718056
ST_FON_PAL_PaloCalcestruzzo - ST_FON_PAL_PaloCalcestruzzo_600mm,IfcPile,3gEquXBon3l8L1mGCO1sqX,718057
ST_FON_PAL_PaloCalcestruzzo - ST_FON_PAL_PaloCalcestruzzo_600mm,IfcPile,1G_2GUnmz7xuvS$kBNojN8,732290
ST_FON_PAL_PaloCalcestruzzo - ST_FON_PAL_PaloCalcestruzzo_600mm,IfcPile,1G_2GUnmz7xuvS$kBNojN9,732291
ST_FON_PAL_PaloCalcestruzzo - ST_FON_PAL_PaloCalcestruzzo_600mm,IfcPile,1G_2GUnmz7xuvS$kBNojNE,732292
ST_FON_PAL_PaloCalcestruzzo - ST_FON_PAL_PaloCalcestruzzo_600mm,IfcPile,1G_2GUnmz7xuvS$kBNojNF,732293
ST_POR_PRT_VarcoApertura - ST_POR_PRT_VarcoApertura_800x2100mm,IfcDoor,3cIH2bsjb4LwdvS1GI62HI,729665
ST_FON_PLT_Testata4Pali - ST_FON_PLT_Testata4Pali_3000x3000x1000mm_D600,IfcFooting,2YZrMS$IP01Bt12Yn3CJqE,716429
ST_FON_PLT_Testata4Pali - ST_FON_PLT_Testata4Pali_3000x3000x1000mm_D600,IfcFooting,3gEquXBon3l8L1mGCO1tQ3,716619
ST_FON_PLT_Testata4Pali - ST_FON_PLT_Testata4Pali_3000x3000x1000mm_D600,IfcFooting,3gEquXBon3l8L1mGCO1tQV,716631
ST_FON_PLT_Testata4Pali - ST_FON_PLT_Testata4Pali_3000x3000x1000mm_D600,IfcFooting,3gEquXBon3l8L1mGCO1tQh,716643
ST_FON_PLT_Testata4Pali - ST_FON_PLT_Testata4Pali_3000x3000x1000mm_D600,IfcFooting,3gEquXBon3l8L1mGCO1tQd,716655
ST_FON_PLT_Testata4Pali - ST_FON_PLT_Testata4Pali_3000x3000x1000mm_D600,IfcFooting,3gEquXBon3l8L1mGCO1tQp,716667
ST_FON_PLT_Testata4Pali - ST_FON_PLT_Testata4Pali_3000x3000x1000mm_D600,IfcFooting,3gEquXBon3l8L1mGCO1tPD,716677
ST_FON_PLT_Testata4Pali - ST_FON_PLT_Testata4Pali_3000x3000x1000mm_D600,IfcFooting,3gEquXBon3l8L1mGCO1tPb,716717
ST_FON_PLT_Testata4Pali - ST_FON_PLT_Testata4Pali_3000x3000x1000mm_D600,IfcFooting,3gEquXBon3l8L1mGCO1tPp,716731
ST_FON_PLT_Testata4Pali - ST_FON_PLT_Testata4Pali_3000x3000x1000mm_D600,IfcFooting,3gEquXBon3l8L1mGCO1tOD,716741
ST_FON_PLT_Testata4Pali - ST_FON_PLT_Testata4Pali_3000x3000x1000mm_D600,IfcFooting,3gEquXBon3l8L1mGCO1tOT,716757
ST_FON_PLT_Testata4Pali - ST_FON_PLT_Testata4Pali_3000x3000x1000mm_D600,IfcFooting,3gEquXBon3l8L1mGCO1tOf,716769
ST_FON_PLT_Testata4Pali - ST_FON_PLT_Testata4Pali_3000x3000x1000mm_D600,IfcFooting,3gEquXBon3l8L1mGCO1tOb,716781
ST_FON_PLT_Testata4Pali - ST_FON_PLT_Testata4Pali_3000x3000x1000mm_D600,IfcFooting,3gEquXBon3l8L1mGCO1sc5,716877
ST_FON_PLT_Testata4Pali - ST_FON_PLT_Testata4Pali_3000x3000x1000mm_D600,IfcFooting,3gEquXBon3l8L1mGCO1scn,716921
ST_FON_PLT_Testata4Pali - ST_FON_PLT_Testata4Pali_3000x3000x1000mm_D600,IfcFooting,3gEquXBon3l8L1mGCO1sbF,716935
ST_FON_PLT_Testata4Pali - ST_FON_PLT_Testata4Pali_3000x3000x1000mm_D600,IfcFooting,3gEquXBon3l8L1mGCO1sbR,716947
ST_FON_PLT_Testata4Pali - ST_FON_PLT_Testata4Pali_3000x3000x1000mm_D600,IfcFooting,3gEquXBon3l8L1mGCO1sbN,716959
ST_FON_PLT_Testata4Pali - ST_FON_PLT_Testata4Pali_3000x3000x1000mm_D600,IfcFooting,3gEquXBon3l8L1mGCO1sbZ,716971
ST_FON_PLT_Testata4Pali - ST_FON_PLT_Testata4Pali_3000x3000x1000mm_D600,IfcFooting,3gEquXBon3l8L1mGCO1sbn,716985
ST_FON_PLT_Testata4Pali - ST_FON_PLT_Testata4Pali_3000x3000x1000mm_D600,IfcFooting,3gEquXBon3l8L1mGCO1saF,716999
ST_FON_PLT_Testata4Pali - ST_FON_PLT_Testata4Pali_3000x3000x1000mm_D600,IfcFooting,3gEquXBon3l8L1mGCO1saT,717013
ST_FON_PLT_Testata4Pali - ST_FON_PLT_Testata4Pali_3000x3000x1000mm_D600,IfcFooting,3gEquXBon3l8L1mGCO1sah,717027
ST_FON_PLT_Testata4Pali - ST_FON_PLT_Testata4Pali_3000x3000x1000mm_D600,IfcFooting,3gEquXBon3l8L1mGCO1sav,717041
ST_FON_PLT_Testata4Pali - ST_FON_PLT_Testata4Pali_3000x3000x1000mm_D600,IfcFooting,3gEquXBon3l8L1mGCO1sZV,717079
ST_FON_PLT_Testata4Pali - ST_FON_PLT_Testata4Pali_3000x3000x1000mm_D600,IfcFooting,3gEquXBon3l8L1mGCO1sZh,717091
ST_FON_PLT_Testata4Pali - ST_FON_PLT_Testata4Pali_3000x3000x1000mm_D600,IfcFooting,3gEquXBon3l8L1mGCO1sZd,717103
ST_FON_PLT_Testata4Pali - ST_FON_PLT_Testata4Pali_3000x3000x1000mm_D600,IfcFooting,3gEquXBon3l8L1mGCO1sZp,717115
ST_FON_PLT_Testata4Pali - ST_FON_PLT_Testata4Pali_3000x3000x1000mm_D600,IfcFooting,3gEquXBon3l8L1mGCO1sYF,717127
ST_FON_PLT_Testata4Pali - ST_FON_PLT_Testata4Pali_3000x3000x1000mm_D600,IfcFooting,3gEquXBon3l8L1mGCO1sYR,717139
ST_FON_PLT_Testata4Pali - ST_FON_PLT_Testata4Pali_3000x3000x1000mm_D600,IfcFooting,3gEquXBon3l8L1mGCO1sYN,717151
ST_FON_PLT_Testata4Pali - ST_FON_PLT_Testata4Pali_3000x3000x1000mm_D600,IfcFooting,3gEquXBon3l8L1mGCO1sWy,717300
ST_FON_PLT_Testata4Pali - ST_FON_PLT_Testata4Pali_3000x3000x1000mm_D600,IfcFooting,3gEquXBon3l8L1mGCO1slI,717338
ST_FON_PLT_Testata4Pali - ST_FON_PLT_Testata4Pali_3000x3000x1000mm_D600,IfcFooting,3gEquXBon3l8L1mGCO1slk,717350
ST_FON_PLT_Testata4Pali - ST_FON_PLT_Testata4Pali_3000x3000x1000mm_D600,IfcFooting,3gEquXBon3l8L1mGCO1slq,717372
ST_FON_PLT_Testata4Pali - ST_FON_PLT_Testata4Pali_3000x3000x1000mm_D600,IfcFooting,3gEquXBon3l8L1mGCO1skS,717396
ST_FON_PLT_Testata4Pali - ST_FON_PLT_Testata4Pali_3000x3000x1000mm_D600,IfcFooting,3gEquXBon3l8L1mGCO1skg,717410
ST_FON_PLT_Testata4Pali - ST_FON_PLT_Testata4Pali_3000x3000x1000mm_D600,IfcFooting,3gEquXBon3l8L1mGCO1skc,717422
ST_FON_PLT_Testata4Pali - ST_FON_PLT_Testata4Pali_3000x3000x1000mm_D600,IfcFooting,3gEquXBon3l8L1mGCO1skq,717436
ST_FON_PLT_Testata4Pali - ST_FON_PLT_Testata4Pali_3000x3000x1000mm_D600,IfcFooting,3gEquXBon3l8L1mGCO1sj4,717452
ST_FON_PLT_Testata4Pali - ST_FON_PLT_Testata4Pali_3000x3000x1000mm_D600,IfcFooting,3gEquXBon3l8L1mGCO1sjG,717464
ST_FON_PLT_Testata4Pali - ST_FON_PLT_Testata4Pali_3000x3000x1000mm_D600,IfcFooting,3gEquXBon3l8L1mGCO1sjk,717478
ST_FON_PLT_Testata4Pali - ST_FON_PLT_Testata4Pali_3000x3000x1000mm_D600,IfcFooting,3gEquXBon3l8L1mGCO1sju,717488
ST_FON_PLT_Testata4Pali - ST_FON_PLT_Testata4Pali_3000x3000x1000mm_D600,IfcFooting,3gEquXBon3l8L1mGCO1si8,717504
ST_FON_PLT_Testata4Pali - ST_FON_PLT_Testata4Pali_3000x3000x1000mm_D600,IfcFooting,3gEquXBon3l8L1mGCO1si4,717516
ST_FON_PLT_Testata4Pali - ST_FON_PLT_Testata4Pali_3000x3000x1000mm_D600,IfcFooting,3gEquXBon3l8L1mGCO1siI,717530
ST_FON_PLT_Testata4Pali - ST_FON_PLT_Testata4Pali_3000x3000x1000mm_D600,IfcFooting,3gEquXBon3l8L1mGCO1siw,717554
ST_FON_PLT_Testata4Pali - ST_FON_PLT_Testata4Pali_3000x3000x1000mm_D600,IfcFooting,3gEquXBon3l8L1mGCO1siq,717564
ST_FON_PLT_Testata4Pali - ST_FON_PLT_Testata4Pali_3000x3000x1000mm_D600,IfcFooting,3gEquXBon3l8L1mGCO1sh0,717576
ST_FON_PLT_Testata4Pali - ST_FON_PLT_Testata4Pali_3000x3000x1000mm_D600,IfcFooting,3gEquXBon3l8L1mGCO1sha,717612
ST_FON_PLT_Testata4Pali - ST_FON_PLT_Testata4Pali_3000x3000x1000mm_D600,IfcFooting,3gEquXBon3l8L1mGCO1shm,717624
ST_FON_PLT_Testata4Pali - ST_FON_PLT_Testata4Pali_3000x3000x1000mm_D600,IfcFooting,3gEquXBon3l8L1mGCO1sgC,717636
ST_FON_PLT_Testata4Pali - ST_FON_PLT_Testata4Pali_3000x3000x1000mm_D600,IfcFooting,3gEquXBon3l8L1mGCO1sgO,717648
ST_FON_PLT_Testata4Pali - ST_FON_PLT_Testata4Pali_3000x3000x1000mm_D600,IfcFooting,3gEquXBon3l8L1mGCO1sek,717798
ST_FON_PLT_Testata4Pali - ST_FON_PLT_Testata4Pali_3000x3000x1000mm_D600,IfcFooting,3gEquXBon3l8L1mGCO1sew,717810
ST_FON_PLT_Testata4Pali - ST_FON_PLT_Testata4Pali_3000x3000x1000mm_D600,IfcFooting,3gEquXBon3l8L1mGCO1stu,717872
ST_FON_PLT_Testata4Pali - ST_FON_PLT_Testata4Pali_3000x3000x1000mm_D600,IfcFooting,3gEquXBon3l8L1mGCO1stq,717884
ST_FON_PLT_Testata4Pali - ST_FON_PLT_Testata4Pali_3000x3000x1000mm_D600,IfcFooting,3gEquXBon3l8L1mGCO1ss0,717896
ST_FON_PLT_Testata4Pali - ST_FON_PLT_Testata4Pali_3000x3000x1000mm_D600,IfcFooting,3gEquXBon3l8L1mGCO1ssS,717908
ST_FON_PLT_Testata4Pali - ST_FON_PLT_Testata4Pali_3000x3000x1000mm_D600,IfcFooting,3gEquXBon3l8L1mGCO1sse,717920
ST_FON_PLT_Testata4Pali - ST_FON_PLT_Testata4Pali_3000x3000x1000mm_D600,IfcFooting,3gEquXBon3l8L1mGCO1ssa,717932
ST_FON_PLT_Testata4Pali - ST_FON_PLT_Testata4Pali_3000x3000x1000mm_D600,IfcFooting,3gEquXBon3l8L1mGCO1srX,717993
ST_FON_PLT_Testata4Pali - ST_FON_PLT_Testata4Pali_3000x3000x1000mm_D600,IfcFooting,3gEquXBon3l8L1mGCO1sqB,718019
ST_FON_PLT_Testata4Pali - ST_FON_PLT_Testata4Pali_3000x3000x1000mm_D600,IfcFooting,3gEquXBon3l8L1mGCO1sq7,718031
ST_FON_PLT_Testata4Pali - ST_FON_PLT_Testata4Pali_3000x3000x1000mm_D600,IfcFooting,3gEquXBon3l8L1mGCO1sqJ,718043
ST_FON_PLT_Testata4Pali - ST_FON_PLT_Testata4Pali_3000x3000x1000mm_D600,IfcFooting,3gEquXBon3l8L1mGCO1sqj,718053
INC_TelST_TS.CA_FondazioneRettangolareMagrone - 50x50,IfcFooting,2U$qxMQEjF4huNiI1Y59G1,718109
INC_TelST_TS.CA_FondazioneRettangolareMagrone - 50x50,IfcFooting,2U$qxMQEjF4huNiI1Y59Ht,718187
INC_TelST_TS.CA_FondazioneRettangolareMagrone - 50x50,IfcFooting,2U$qxMQEjF4huNiI1Y59JX,718333
INC_TelST_TS.CA_FondazioneRettangolareMagrone - 50x50,IfcFooting,2U$qxMQEjF4huNiI1Y59SK,718344
INC_TelST_TS.CA_FondazioneRettangolareMagrone - 50x50,IfcFooting,2U$qxMQEjF4huNiI1Y59SF,718355
INC_TelST_TS.CA_FondazioneRettangolareMagrone - 50x50,IfcFooting,2U$qxMQEjF4huNiI1Y59S2,718366
INC_TelST_TS.CA_FondazioneRettangolareMagrone - 50x50,IfcFooting,2U$qxMQEjF4huNiI1Y59Se,718388
INC_TelST_TS.CA_FondazioneRettangolareMagrone - 50x50,IfcFooting,2U$qxMQEjF4huNiI1Y59Jk,718845
INC_TelST_TS.CA_FondazioneRettangolareMagrone - 50x50,IfcFooting,2U$qxMQEjF4huNiI1Y59ad,718907
INC_TelST_TS.CA_FondazioneRettangolareMagrone - 50x50,IfcFooting,2U$qxMQEjF4huNiI1Y59dt,719083
INC_TelST_TS.CA_FondazioneRettangolareMagrone - 50x50,IfcFooting,2U$qxMQEjF4huNiI1Y59Wy,719136
INC_TelST_TS.CA_FondazioneRettangolareMagrone - 50x50,IfcFooting,2U$qxMQEjF4huNiI1Y59Y3,719263
INC_TelST_TS.CA_FondazioneRettangolareMagrone - 50x50,IfcFooting,2U$qxMQEjF4huNiI1Y59ZB,719319
INC_TelST_TS.CA_FondazioneRettangolareMagrone - 50x50,IfcFooting,2U$qxMQEjF4huNiI1Y59Z_,719330
INC_TelST_TS.CA_FondazioneRettangolareMagrone - 50x50,IfcFooting,2U$qxMQEjF4huNiI1Y59g1,719773
INC_TelST_TS.CA_FondazioneRettangolareMagrone - 50x50,IfcFooting,2U$qxMQEjF4huNiI1Y59h9,719829
INC_TelST_TS.CA_FondazioneRettangolareMagrone - 50x50,IfcFooting,2U$qxMQEjF4huNiI1Y59hZ,719871
INC_TelST_TS.CA_FondazioneRettangolareMagrone - 50x78,IfcFooting,2U$qxMQEjF4huNiI1Y59qz,719905
INC_TelST_TS.CA_FondazioneRettangolare - 50X28,IfcFooting,2U$qxMQEjF4huNiI1Y59tC,720080
INC_TelST_TS.CA_FondazioneRettangolare - 50X28,IfcFooting,2U$qxMQEjF4huNiI1Y59o$,720291
INC_TelST_TS.CA_FondazioneRettangolareMagrone - 50x50,IfcFooting,2U$qxMQEjF4huNiI1Y59yF,720403
INC_TelST_TS.CA_FondazioneRettangolareMagrone - 50x50,IfcFooting,2U$qxMQEjF4huNiI1Y59zt,720491
INC_TelST_TS.CA_FondazioneRettangolareMagrone - 50x50,IfcFooting,2U$qxMQEjF4huNiI1Y59_l,720563
INC_TelST_TS.CA_FondazioneRettangolareMagrone - 50x50,IfcFooting,2U$qxMQEjF4huNiI1Y59uj,720689
INC_TelST_TS.CA_FondazioneRettangolareMagrone - 50x50,IfcFooting,2U$qxMQEjF4huNiI1Y59wV,720771
INC_TelST_TS.CA_FondazioneRettangolareMagrone - 50x50,IfcFooting,2U$qxMQEjF4huNiI1Y59xn,720877
INC_TelST_TS.CA_FondazioneRettangolareMagrone - 50x50,IfcFooting,2U$qxMQEjF4huNiI1Y5M5i,721008
INC_TelST_TS.CA_FondazioneRettangolareMagrone - 50x50,IfcFooting,2U$qxMQEjF4huNiI1Y5M71,721117
INC_TelST_TS.CA_FondazioneRettangolareMagrone - 50x50,IfcFooting,2U$qxMQEjF4huNiI1Y5M0f,721205
Platea - ST_FON_PLA_Platea_800mm,IfcFooting,3Nsna0YUz4eu0Y$rRJ5FKO,726244
Platea - ST_FON_PLA_Platea_800mm,IfcFooting,0kgIiF0lv6jPO3RpwbWUye,729751
ST_FON_PLT_Testata4Pali - ST_FON_PLT_Testata4Pali_3000x3000x1000mm_D600,IfcFooting,1G_2GUnmz7xuvS$kBNojNB,732289
Platea - ST_FON_PLA_Platea_1000mm,IfcFooting,1n3$K0_X1BbAMxEKEON9k8,733208
Platea - ST_FON_PLA_Platea_1000mm,IfcFooting,1n3$K0_X1BbAMxEKEON9jF,733407
Platea - ST_FON_PLA_Platea_1000mm,IfcFooting,1n3$K0_X1BbAMxEKEON9g$,733487
Platea - ST_FON_PLA_Platea_1000mm,IfcFooting,1n3$K0_X1BbAMxEKEON9cH,733697
Platea - ST_FON_PLA_Platea_1000mm,IfcFooting,1n3$K0_X1BbAMxEKEON9WQ,734090
Platea - ST_FON_PLA_Platea_1000mm,IfcFooting,1n3$K0_X1BbAMxEKEON9_f,734265
Platea - ST_FON_PLA_Platea_1000mm,IfcFooting,1n3$K0_X1BbAMxEKEON9zu,734440
Platea - ST_FON_PLA_Platea_1000mm,IfcFooting,1n3$K0_X1BbAMxEKEON9uF,734623
Platea - ST_FON_PLA_Platea_1000mm,IfcFooting,1n3$K0_X1BbAMxEKEON9ty,734828
INC_TelST_TS.CA_FondazioneRettangolareMagrone - 50x50,IfcFooting,1n3$K0_X1BbAMxEKEON9mc,735158
INC_TelST_TS.CA_FondazioneRettangolareMagrone - 50x50,IfcFooting,1n3$K0_X1BbAMxEKEON9FO,735304
INC_TelST_TS.CA_FondazioneRettangolareMagrone - 50x50,IfcFooting,1n3$K0_X1BbAMxEKEON9Co,735394
INC_TelST_TS.CA_FondazioneRettangolareMagrone - 50x50,IfcFooting,1n3$K0_X1BbAMxEKEON9DR,735435
INC_TelST_TS.CA_FondazioneRettangolareMagrone - 50x50,IfcFooting,1n3$K0_X1BbAMxEKEON9Dc,735478
INC_TelST_TS.CA_FondazioneRettangolareMagrone - 50x50,IfcFooting,1n3$K0_X1BbAMxEKEON9Dd,735479
INC_TelST_TS.CA_FondazioneRettangolareMagrone - 50x50,IfcFooting,17BlHKz8v1fATYc7mkNajH,735590
INC_TelST_TS.CA_FondazioneRettangolareMagrone - 50x50,IfcFooting,17BlHKz8v1fATYc7mkNaj6,735601
INC_TelST_TS.CA_FondazioneRettangolareMagrone - 50x50,IfcFooting,17BlHKz8v1fATYc7mkNaj9,735614
INC_TelST_TS.CA_FondazioneRettangolareMagrone - 50x50,IfcFooting,17BlHKz8v1fATYc7mkNakz,735626
INC_TelST_TS.CA_FondazioneRettangolareMagrone - 50x50,IfcFooting,17BlHKz8v1fATYc7mkNaXB,735868
INC_TelST_TS.CA_FondazioneRettangolareMagrone - 50x78,IfcFooting,17BlHKz8v1fATYc7mkNabK,736099
INC_TelST_TS.CA_FondazioneRettangolare - 50X28,IfcFooting,17BlHKz8v1fATYc7mkNacY,736149
INC_TelST_TS.CA_FondazioneRettangolare - 50X28,IfcFooting,17BlHKz8v1fATYc7mkNaus,736257
INC_TelST_TS.CA_FondazioneRettangolareMagrone - 50x78,IfcFooting,17BlHKz8v1fATYc7mkNaxm,736455
INC_TelST_TS.CA_FondazioneRettangolareMagrone - 50x50,IfcFooting,17BlHKz8v1fATYc7mkNazX,736598
INC_TelST_TS.CA_FondazioneRettangolareMagrone - 50x50,IfcFooting,17BlHKz8v1fATYc7mkNa$D,736762
INC_TelST_TS.CA_FondazioneRettangolareMagrone - 50x50,IfcFooting,17BlHKz8v1fATYc7mkNanc,736849
INC_TelST_TS.CA_FondazioneRettangolareMagrone - 50x50,IfcFooting,17BlHKz8v1fATYc7mkNaop,736900
INC_TelST_TS.CA_FondazioneRettangolareMagrone - 50x50,IfcFooting,17BlHKz8v1fATYc7mkNapb,736978
INC_TelST_TS.CA_FondazioneRettangolareMagrone - 50x50,IfcFooting,17BlHKz8v1fATYc7mkNary,737099
INC_TelST_TS.CA_FondazioneRettangolareMagrone - 50x50,IfcFooting,17BlHKz8v1fATYc7mkNask,737177
INC_TelST_TS.CA_FondazioneRettangolareMagrone - 50x50,IfcFooting,17BlHKz8v1fATYc7mkNatl,737240
INC_TelST_TS.CA_FondazioneRettangolareMagrone - 50x50,IfcFooting,17BlHKz8v1fATYc7mkNZAC,737467
INC_TelST_TS.CA_FondazioneRettangolareMagrone - 50x50,IfcFooting,17BlHKz8v1fATYc7mkNZCG,737575
INC_TelST_TS.CA_FondazioneRettangolareMagrone - 50x50,IfcFooting,17BlHKz8v1fATYc7mkNZDj,737626
INC_TelST_TS.CA_FondazioneRettangolareMagrone - 50x50,IfcFooting,17BlHKz8v1fATYc7mkNZE$,737672
INC_TelST_TS.CA_FondazioneRettangolareMagrone - 50x50,IfcFooting,1SNGHMkqn5l8bIrYNE$UGL,737849
INC_TelST_TS.CA_FondazioneRettangolareMagrone - 50x78,IfcFooting,0Y2gcoFbP6LAU2cMPlgCKm,737957
INC_TelST_TS.CA_FondazioneRettangolare - 50X28,IfcFooting,0Y2gcoFbP6LAU2cMPlgCHx,738286
INC_TelST_TS.CA_FondazioneRettangolare - 50X28,IfcFooting,0Y2gcoFbP6LAU2cMPlgCAb,738608
INC_TelST_TS.CA_FondazioneRettangolare - 50X28,IfcFooting,0Y2gcoFbP6LAU2cMPlgC4e,739005
INC_TelST_TS.CA_FondazioneRettangolareMagrone - 50x50,IfcFooting,0nt3CVy8nEwx6M9Z8DPQSA,740385
Pavimento - ST_PAV_GET_400mm_CalcestruzzoArmato,IfcSlab,3t9Raldrj2Pe9pkHmbaUgo,699403
Pavimento - ST_PAV_GET_300mm_CalcestruzzoArmato,IfcSlab,3t9Raldrj2Pe9pkHmbaUi7,699838
Pavimento - ST_PAV_GET_300mm_CalcestruzzoArmato,IfcSlab,3t9Raldrj2Pe9pkHmbaUZZ,699994
Pavimento - ST_PAV_GET_250mm_CalcestruzzoArmato,IfcSlab,1k0JWlry56c9WV1jkIpttN,714920
Pavimento - ST_PAV_GET_250mm_CalcestruzzoArmato,IfcSlab,3FfVXpTkbF1Az7cAkQj0QI,715078
Pavimento - ST_PAV_MST_130mm_MistoGrecato,IfcSlab,1gFn5Po8j3DuCcPOfhSSGf,721712
Pavimento - ST_PAV_MST_130mm_MistoGrecato,IfcSlab,1pPWR6BQj9eeopWYypPJRE,723907
Pavimento - ST_PAV_GET_100mm_Magrone,IfcSlab,3Nsna0YUz4eu0Y$rRJ5FJX,726301
Pavimento - ST_PAV_GET_200mm_CalcestruzzoArmato,IfcSlab,3a1c1gtBzFfA7Q7wkpi8Xd,726595
Pavimento - ST_PAV_GET_100mm_Magrone,IfcSlab,0kgIiF0lv6jPO3RpwbWUzn,729806
Scala gettata in opera - Scala,IfcSlab,1jJE_178n79vmIt4QR907M,730879
Scala gettata in opera - Scala,IfcSlab,1jJE_178n79vmIt4QR900g,730883
Scala gettata in opera - Scala,IfcSlab,1jJE_178n79vmIt4QR900k,730887
Pavimento - ST_PAV_GET_300mm_CalcestruzzoArmato,IfcSlab,1G_2GUnmz7xuvS$kBNojIQ,732624
Scala gettata in opera - Scala,IfcSlab,1G_2GUnmz7xuvS$kBNojT4,732686
Scala gettata in opera - Scala,IfcSlab,1G_2GUnmz7xuvS$kBNojTO,732690
Scala gettata in opera - Scala,IfcSlab,1G_2GUnmz7xuvS$kBNojTS,732694
Pavimento - ST_PAV_GET_100mm_Magrone,IfcSlab,1n3$K0_X1BbAMxEKEON9jP,733385
Pavimento - ST_PAV_GET_100mm_Magrone,IfcSlab,1n3$K0_X1BbAMxEKEON9g6,733462
Pavimento - ST_PAV_GET_100mm_Magrone,IfcSlab,1n3$K0_X1BbAMxEKEON9hK,733508
Pavimento - ST_PAV_GET_100mm_Magrone,IfcSlab,1n3$K0_X1BbAMxEKEON9Yd,734007
Pavimento - ST_PAV_GET_100mm_Magrone,IfcSlab,1n3$K0_X1BbAMxEKEON9X8,734168
Pavimento - ST_PAV_GET_100mm_Magrone,IfcSlab,1n3$K0_X1BbAMxEKEON9y3,734355
Pavimento - ST_PAV_GET_100mm_Magrone,IfcSlab,1n3$K0_X1BbAMxEKEON9xn,734561
Pavimento - ST_PAV_GET_100mm_Magrone,IfcSlab,1n3$K0_X1BbAMxEKEON9ve,734712
Pavimento - ST_PAV_GET_100mm_Magrone,IfcSlab,1n3$K0_X1BbAMxEKEON9p6,735062
Pavimento - ST_PAV_GET_300mm_CalcestruzzoArmato,IfcSlab,290g7W_Ev8OBAHxweK5_Jp,739894
Pavimento - ST_PAV_GET_300mm_CalcestruzzoArmato,IfcSlab,290g7W_Ev8OBAHxweK5_It,739954
Pavimento - ST_PAV_GET_300mm_CalcestruzzoArmato,IfcSlab,290g7W_Ev8OBAHxweK5_Hb,740000
Pavimento - ST_PAV_GET_300mm_CalcestruzzoArmato,IfcSlab,290g7W_Ev8OBAHxweK5_Gw,740095
Pavimento - ST_PAV_GET_300mm_CalcestruzzoArmato,IfcSlab,290g7W_Ev8OBAHxweK5_Mi,740201
Scala gettata in opera - Scala,IfcStair,1jJE_178n79vmIt4QR907J,730874
Scala gettata in opera - Scala,IfcStair,1G_2GUnmz7xuvS$kBNojT3,732681
Scala gettata in opera - Scala,IfcStairFlight,1jJE_178n79vmIt4QR907I,730875
Scala gettata in opera - Scala,IfcStairFlight,1jJE_178n79vmIt4QR907K,730877
Scala gettata in opera - Scala,IfcStairFlight,1jJE_178n79vmIt4QR900e,730881
Scala gettata in opera - Scala,IfcStairFlight,1G_2GUnmz7xuvS$kBNojT0,732682
Scala gettata in opera - Scala,IfcStairFlight,1G_2GUnmz7xuvS$kBNojT6,732684
Scala gettata in opera - Scala,IfcStairFlight,1G_2GUnmz7xuvS$kBNojTQ,732688
Muro di base - ST_MUR_POR_300mm_CalcestruzzoArmato,IfcWall,3R2C8RF4HBu980jcDqLfIY,694999
Muro di base - ST_MUR_POR_300mm_CalcestruzzoArmato,IfcWall,3R2C8RF4HBu980jcDqLfLX,695060
Muro di base - ST_MUR_POR_300mm_CalcestruzzoArmato,IfcWall,3R2C8RF4HBu980jcDqLfNy,695177
Muro di base - ST_MUR_POR_300mm_CalcestruzzoArmato,IfcWall,3R2C8RF4HBu980jcDqLfM7,695282
Muro di base - ST_MUR_POR_300mm_CalcestruzzoArmato,IfcWall,3R2C8RF4HBu980jcDqLfDr,695552
Muro di base - ST_MUR_POR_300mm_CalcestruzzoArmato,IfcWall,3R2C8RF4HBu980jcDqLfDq,695553
Muro di base - ST_MUR_POR_300mm_CalcestruzzoArmato,IfcWall,3R2C8RF4HBu980jcDqLfDt,695554
Muro di base - ST_MUR_POR_300mm_CalcestruzzoArmato,IfcWall,3R2C8RF4HBu980jcDqLfDs,695555
Muro di base - ST_MUR_POR_500mm_CalcestruzzoArmato,IfcWall,3R2C8RF4HBu980jcDqLfDR,695598
Muro di base - ST_MUR_POR_300mm_CalcestruzzoArmato,IfcWall,3R2C8RF4HBu980jcDqLf1b,695824
Muro di base - ST_MUR_POR_300mm_CalcestruzzoArmato,IfcWall,3R2C8RF4HBu980jcDqLf0j,695896
Muro di base - ST_MUR_POR_300mm_CalcestruzzoArmato,IfcWall,3R2C8RF4HBu980jcDqLf3T,695976
Muro di base - ST_MUR_POR_300mm_CalcestruzzoArmato,IfcWall,3R2C8RF4HBu980jcDqLf22,696055
Muro di base - ST_MUR_POR_300mm_CalcestruzzoArmato,IfcWall,3R2C8RF4HBu980jcDqLf7H,696228
Muro di base - ST_MUR_POR_300mm_CalcestruzzoArmato,IfcWall,3R2C8RF4HBu980jcDqLf6D,696312
Muro di base - ST_MUR_POR_300mm_CalcestruzzoArmato,IfcWall,3R2C8RF4HBu980jcDqLgvD,696376
Muro di base - ST_MUR_POR_300mm_CalcestruzzoArmato,IfcWall,3R2C8RF4HBu980jcDqLguT,696424
Muro di base - ST_MUR_POR_300mm_CalcestruzzoArmato,IfcWall,3R2C8RF4HBu980jcDqLgxA,696511
Muro di base - ST_MUR_POR_300mm_CalcestruzzoArmato,IfcWall,3R2C8RF4HBu980jcDqLgwr,696512
Muro di base - ST_MUR_POR_300mm_CalcestruzzoArmato,IfcWall,3R2C8RF4HBu980jcDqLgw0,696565
Muro di base - ST_MUR_POR_300mm_CalcestruzzoArmato,IfcWall,3R2C8RF4HBu980jcDqLg$1,696756
Muro di base - ST_MUR_POR_500mm_CalcestruzzoArmato,IfcWall,3R2C8RF4HBu980jcDqLg_6,696819
Muro di base - ST_MUR_POR_300mm_CalcestruzzoArmato,IfcWall,3R2C8RF4HBu980jcDqLgoo,697031
Muro di base - ST_MUR_POR_300mm_CalcestruzzoArmato,IfcWall,2HarEqe_j4zf8aFlCm6fd1,697146
Muro di base - ST_MUR_POR_300mm_CalcestruzzoArmato,IfcWall,2HarEqe_j4zf8aFlCm6fd0,697147
Muro di base - ST_MUR_POR_300mm_CalcestruzzoArmato,IfcWall,2HarEqe_j4zf8aFlCm6fd7,697148
Muro di base - ST_MUR_POR_300mm_CalcestruzzoArmato,IfcWall,2HarEqe_j4zf8aFlCm6fd6,697149
Muro di base - ST_MUR_POR_500mm_CalcestruzzoArmato,IfcWall,2HarEqe_j4zf8aFlCm6f_z,697670
Muro di base - ST_MUR_POR_300mm_CalcestruzzoArmato,IfcWall,2HarEqe_j4zf8aFlCm6fzR,697760
Muro di base - ST_MUR_POR_300mm_CalcestruzzoArmato,IfcWall,2HarEqe_j4zf8aFlCm6fzQ,697761
Muro di base - ST_MUR_POR_300mm_CalcestruzzoArmato,IfcWall,2HarEqe_j4zf8aFlCm6fzP,697762
Muro di base - ST_MUR_POR_300mm_CalcestruzzoArmato,IfcWall,2HarEqe_j4zf8aFlCm6fzO,697763
Muro di base - ST_MUR_POR_300mm_CalcestruzzoArmato,IfcWall,2HarEqe_j4zf8aFlCm6fpL,697902
Muro di base - ST_MUR_POR_300mm_CalcestruzzoArmato,IfcWall,2HarEqe_j4zf8aFlCm6fod,697948
Muro di base - ST_MUR_POR_300mm_CalcestruzzoArmato,IfcWall,2HarEqe_j4zf8aFlCm6ftv,698114
Muro di base - ST_MUR_POR_300mm_CalcestruzzoArmato,IfcWall,2HarEqe_j4zf8aFlCm6ftu,698115
Muro di base - ST_MUR_POR_300mm_CalcestruzzoArmato,IfcWall,2HarEqe_j4zf8aFlCm6ft$,698116
Muro di base - ST_MUR_POR_300mm_CalcestruzzoArmato,IfcWall,2HarEqe_j4zf8aFlCm6ft_,698117
Muro di base - ST_MUR_POR_300mm_CalcestruzzoArmato,IfcWall,2HarEqe_j4zf8aFlCm6fsR,698208
Muro di base - ST_MUR_POR_300mm_CalcestruzzoArmato,IfcWall,2HarEqe_j4zf8aFlCm6fsQ,698209
Muro di base - ST_MUR_POR_300mm_CalcestruzzoArmato,IfcWall,2HarEqe_j4zf8aFlCm6fsP,698210
Muro di base - ST_MUR_POR_300mm_CalcestruzzoArmato,IfcWall,2HarEqe_j4zf8aFlCm6fsO,698211
Muro di base - ST_MUR_POR_300mm_CalcestruzzoArmato,IfcWall,17iqd26yX8NOOyZI2cL36s,698391
Muro di base - ST_MUR_POR_300mm_CalcestruzzoArmato,IfcWall,17iqd26yX8NOOyZI2cL36v,698392
Muro di base - ST_MUR_POR_300mm_CalcestruzzoArmato,IfcWall,17iqd26yX8NOOyZI2cL36u,698393
Muro di base - ST_MUR_POR_300mm_CalcestruzzoArmato,IfcWall,17iqd26yX8NOOyZI2cL36x,698394
Muro di base - ST_MUR_POR_500mm_CalcestruzzoArmato,IfcWall,17iqd26yX8NOOyZI2cL35O,698617
Muro di base - ST_MUR_POR_300mm_CalcestruzzoArmato,IfcWall,3t9Raldrj2Pe9pkHmbaUfU,699623
Muro di base - ST_MUR_POR_300mm_CalcestruzzoArmato,IfcWall,1k0JWlry56c9WV1jkIpt7k,713873
Muro di base - ST_MUR_POR_300mm_CalcestruzzoArmato,IfcWall,1k0JWlry56c9WV1jkIpt7j,713874
Muro di base - ST_MUR_POR_300mm_CalcestruzzoArmato,IfcWall,1k0JWlry56c9WV1jkIpt7i,713875
Muro di base - ST_MUR_POR_300mm_CalcestruzzoArmato,IfcWall,1k0JWlry56c9WV1jkIpt7h,713876
Muro di base - ST_MUR_POR_300mm_CalcestruzzoArmato,IfcWall,1k0JWlry56c9WV1jkIpt67,713976
Muro di base - ST_MUR_POR_300mm_CalcestruzzoArmato,IfcWall,1k0JWlry56c9WV1jkIpt0y,714051
Muro di base - ST_MUR_POR_300mm_CalcestruzzoArmato,IfcWall,1k0JWlry56c9WV1jkIpt0H,714094
Muro di base - ST_MUR_POR_200mm_CalcestruzzoArmato,IfcWall,3a1c1gtBzFfA7Q7wkpi8jy,726360
Muro di base - ST_MUR_POR_200mm_CalcestruzzoArmato,IfcWall,3a1c1gtBzFfA7Q7wkpi8ju,726364
Muro di base - ST_MUR_POR_200mm_CalcestruzzoArmato,IfcWall,3a1c1gtBzFfA7Q7wkpi8j4,726368
Muro di base - ST_MUR_POR_200mm_CalcestruzzoArmato,IfcWall,3a1c1gtBzFfA7Q7wkpi8j0,726372
Muro di base - ST_MUR_POR_200mm_CalcestruzzoArmato,IfcWall,3a1c1gtBzFfA7Q7wkpi8kY,726406
Pavimento - ST_PAV_MST_130mm_MistoGrecato,IfcOpeningElement,2R4V$vW5d8HpYpIWki$KGH,722636
Pavimento - ST_PAV_MST_130mm_MistoGrecato,IfcOpeningElement,3Da9LsKywactR9M1yclvIf,722642
Pavimento - ST_PAV_MST_130mm_MistoGrecato,IfcOpeningElement,2Tfj$SzhTikC4cM0FVzrAS,722979
Pavimento - ST_PAV_MST_130mm_MistoGrecato,IfcOpeningElement,1__r1LE2v3bP$ve93he_OD,723021
Pavimento - ST_PAV_MST_130mm_MistoGrecato,IfcOpeningElement,1C61AcrEZpGgo65Iixo2lH,723184
Pavimento - ST_PAV_MST_130mm_MistoGrecato,IfcOpeningElement,2LC8rOq56_HTTcrt9tnX6L,723501
Pavimento - ST_PAV_MST_130mm_MistoGrecato,IfcOpeningElement,0I1j2SMB02E6Krg5Rgl1Cs,723935
Pavimento - ST_PAV_MST_130mm_MistoGrecato,IfcOpeningElement,07_6z_zWRxDARoKSWkRGtS,723936
Pavimento - ST_PAV_MST_130mm_MistoGrecato,IfcOpeningElement,10y0iz0L$8X1lQn3XuICVM,723947
Pavimento - ST_PAV_MST_130mm_MistoGrecato,IfcOpeningElement,3yYZKTY_TAd8ASBxJ1vVHL,723953
Pavimento - ST_PAV_MST_130mm_MistoGrecato,IfcOpeningElement,1hf3teeBbFAQQg71kwpnh7,723963
Pavimento - ST_PAV_MST_130mm_MistoGrecato,IfcOpeningElement,2GvchbLK1W5477xN0Pwcqn,723970
Muro di base - ST_MUR_POR_300mm_CalcestruzzoArmato,IfcOpeningElement,3fTiNBilCIPTXrTHbjA2Cs,714324
Muro di base - ST_MUR_POR_300mm_CalcestruzzoArmato,IfcOpeningElement,0yY5W2KqezFvagRY2Od9oD,714453
Muro di base - ST_MUR_POR_300mm_CalcestruzzoArmato,IfcOpeningElement,06l8$VphgeOUM4kz7oIabI,714634
Muro di base - ST_MUR_POR_300mm_CalcestruzzoArmato,IfcOpeningElement,2FksZ3L8SS32HxzBjaM0BQ,714815
ST_POR_PRT_VarcoApertura - ST_POR_PRT_VarcoApertura_800x2100mm,IfcOpeningElement,2FqTPMyCFDnG4PNy3AkRKL,729665
